payment_id,transaction_id,payment_method,payment_status,payment_date
PAY_0000001,TXN_0000001,Wallet,Success,2022-09-04
PAY_0000002,TXN_0000002,Cash,Success,2023-02-04
PAY_0000003,TXN_0000003,Cash,Success,2022-06-12
PAY_0000004,TXN_0000004,Debit Card,Success,2024-06-10
PAY_0000005,TXN_0000005,Cash,Success,2024-11-16
PAY_0000006,TXN_0000006,Cash,Success,2022-06-30
PAY_0000007,TXN_0000007,UPI,Pending,2022-12-22
PAY_0000008,TXN_0000008,Debit Card,Success,2024-03-03
PAY_0000009,TXN_0000009,Wallet,Success,2022-01-04
PAY_0000010,TXN_0000010,Credit Card,Success,2022-03-12
PAY_0000011,TXN_0000011,UPI,Success,2022-01-23
PAY_0000012,TXN_0000012,Cash,Success,2023-01-18
PAY_0000013,TXN_0000013,Cash,Success,2022-03-16
PAY_0000014,TXN_0000014,Credit Card,Success,2024-01-05
PAY_0000015,TXN_0000015,UPI,Success,2023-07-21
PAY_0000016,TXN_0000016,Credit Card,Success,2023-08-18
PAY_0000017,TXN_0000017,Wallet,Success,2022-08-24
PAY_0000018,TXN_0000018,Debit Card,Success,2022-10-06
PAY_0000019,TXN_0000019,UPI,Success,2022-02-24
PAY_0000020,TXN_0000020,UPI,Success,2024-05-08
PAY_0000021,TXN_0000021,UPI,Success,2024-10-16
PAY_0000022,TXN_0000022,UPI,Success,2023-10-16
PAY_0000023,TXN_0000023,Debit Card,Success,2022-12-16
PAY_0000024,TXN_0000024,UPI,Success,2023-05-17
PAY_0000025,TXN_0000025,Cash,Success,2023-01-23
PAY_0000026,TXN_0000026,Credit Card,Success,2023-10-12
PAY_0000027,TXN_0000027,Debit Card,Success,2023-05-16
PAY_0000028,TXN_0000028,Debit Card,Success,2023-03-01
PAY_0000029,TXN_0000029,Wallet,Success,2022-05-04
PAY_0000030,TXN_0000030,Cash,Success,2024-06-09
PAY_0000031,TXN_0000031,UPI,Success,2023-08-05
PAY_0000032,TXN_0000032,Cash,Success,2022-07-06
PAY_0000033,TXN_0000033,Wallet,Success,2024-02-20
PAY_0000034,TXN_0000034,Wallet,Success,2024-11-11
PAY_0000035,TXN_0000035,Credit Card,Success,2022-03-24
PAY_0000036,TXN_0000036,UPI,Success,2022-10-09
PAY_0000037,TXN_0000037,Cash,Success,2022-12-15
PAY_0000038,TXN_0000038,Wallet,Success,2024-03-15
PAY_0000039,TXN_0000039,Credit Card,Success,2022-03-15
PAY_0000040,TXN_0000040,Debit Card,Pending,2023-09-15
PAY_0000041,TXN_0000041,Wallet,Success,2022-04-20
PAY_0000042,TXN_0000042,Debit Card,Failed,2023-12-27
PAY_0000043,TXN_0000043,Cash,Success,2023-03-18
PAY_0000044,TXN_0000044,UPI,Success,2023-04-29
PAY_0000045,TXN_0000045,UPI,Success,2023-05-27
PAY_0000046,TXN_0000046,Wallet,Success,2022-05-15
PAY_0000047,TXN_0000047,Wallet,Success,2024-05-10
PAY_0000048,TXN_0000048,Debit Card,Success,2023-12-14
PAY_0000049,TXN_0000049,Cash,Pending,2022-01-13
PAY_0000050,TXN_0000050,UPI,Success,2023-07-30
PAY_0000051,TXN_0000051,UPI,Success,2022-11-08
PAY_0000052,TXN_0000052,Cash,Success,2023-03-29
PAY_0000053,TXN_0000053,Credit Card,Success,2024-05-28
PAY_0000054,TXN_0000054,Cash,Success,2023-04-19
PAY_0000055,TXN_0000055,Debit Card,Success,2024-08-25
PAY_0000056,TXN_0000056,UPI,Success,2023-01-13
PAY_0000057,TXN_0000057,Cash,Success,2023-12-25
PAY_0000058,TXN_0000058,UPI,Success,2023-07-28
PAY_0000059,TXN_0000059,Cash,Success,2024-07-09
PAY_0000060,TXN_0000060,Debit Card,Success,2024-02-08
PAY_0000061,TXN_0000061,Cash,Success,2022-11-03
PAY_0000062,TXN_0000062,Wallet,Success,2024-04-30
PAY_0000063,TXN_0000063,Wallet,Success,2023-01-19
PAY_0000064,TXN_0000064,UPI,Success,2022-08-22
PAY_0000065,TXN_0000065,UPI,Success,2022-01-13
PAY_0000066,TXN_0000066,Debit Card,Success,2023-10-02
PAY_0000067,TXN_0000067,Wallet,Success,2022-02-10
PAY_0000068,TXN_0000068,Debit Card,Success,2022-12-31
PAY_0000069,TXN_0000069,Credit Card,Success,2024-04-21
PAY_0000070,TXN_0000070,Debit Card,Success,2023-06-24
PAY_0000071,TXN_0000071,Wallet,Success,2024-09-16
PAY_0000072,TXN_0000072,Credit Card,Success,2024-12-15
PAY_0000073,TXN_0000073,Cash,Pending,2022-01-16
PAY_0000074,TXN_0000074,Credit Card,Failed,2023-06-05
PAY_0000075,TXN_0000075,UPI,Success,2022-01-03
PAY_0000076,TXN_0000076,UPI,Success,2024-10-21
PAY_0000077,TXN_0000077,Cash,Success,2023-08-09
PAY_0000078,TXN_0000078,Cash,Success,2023-04-23
PAY_0000079,TXN_0000079,Cash,Success,2022-06-14
PAY_0000080,TXN_0000080,Credit Card,Success,2022-11-16
PAY_0000081,TXN_0000081,Debit Card,Success,2024-04-05
PAY_0000082,TXN_0000082,Cash,Success,2023-01-07
PAY_0000083,TXN_0000083,Credit Card,Success,2023-10-18
PAY_0000084,TXN_0000084,Cash,Success,2024-02-05
PAY_0000085,TXN_0000085,UPI,Success,2022-04-05
PAY_0000086,TXN_0000086,Credit Card,Success,2022-08-11
PAY_0000087,TXN_0000087,Credit Card,Success,2023-03-11
PAY_0000088,TXN_0000088,Credit Card,Success,2022-05-28
PAY_0000089,TXN_0000089,UPI,Success,2022-03-12
PAY_0000090,TXN_0000090,Credit Card,Success,2022-12-27
PAY_0000091,TXN_0000091,Credit Card,Success,2024-03-19
PAY_0000092,TXN_0000092,UPI,Success,2023-10-04
PAY_0000093,TXN_0000093,Credit Card,Success,2024-12-27
PAY_0000094,TXN_0000094,Debit Card,Success,2023-08-02
PAY_0000095,TXN_0000095,Debit Card,Success,2023-12-15
PAY_0000096,TXN_0000096,Cash,Success,2022-05-13
PAY_0000097,TXN_0000097,UPI,Failed,2024-06-21
PAY_0000098,TXN_0000098,Credit Card,Success,2022-05-30
PAY_0000099,TXN_0000099,Credit Card,Pending,2024-02-26
PAY_0000100,TXN_0000100,Credit Card,Success,2022-07-28
PAY_0000101,TXN_0000101,UPI,Success,2024-09-19
PAY_0000102,TXN_0000102,Debit Card,Success,2023-09-07
PAY_0000103,TXN_0000103,Cash,Pending,2022-04-28
PAY_0000104,TXN_0000104,Debit Card,Success,2024-07-11
PAY_0000105,TXN_0000105,Debit Card,Success,2024-06-01
PAY_0000106,TXN_0000106,UPI,Success,2022-04-07
PAY_0000107,TXN_0000107,Cash,Success,2023-11-07
PAY_0000108,TXN_0000108,UPI,Success,2024-10-27
PAY_0000109,TXN_0000109,Debit Card,Success,2022-07-25
PAY_0000110,TXN_0000110,Wallet,Success,2023-01-06
PAY_0000111,TXN_0000111,Credit Card,Failed,2023-04-02
PAY_0000112,TXN_0000112,Credit Card,Success,2023-02-11
PAY_0000113,TXN_0000113,Cash,Failed,2023-05-07
PAY_0000114,TXN_0000114,UPI,Success,2023-09-04
PAY_0000115,TXN_0000115,Credit Card,Success,2024-12-27
PAY_0000116,TXN_0000116,Debit Card,Success,2023-05-25
PAY_0000117,TXN_0000117,Wallet,Success,2023-05-10
PAY_0000118,TXN_0000118,Cash,Success,2023-12-05
PAY_0000119,TXN_0000119,Credit Card,Success,2023-02-28
PAY_0000120,TXN_0000120,UPI,Success,2022-12-30
PAY_0000121,TXN_0000121,Debit Card,Success,2022-04-28
PAY_0000122,TXN_0000122,Wallet,Success,2022-11-11
PAY_0000123,TXN_0000123,UPI,Success,2022-08-03
PAY_0000124,TXN_0000124,Credit Card,Success,2024-06-28
PAY_0000125,TXN_0000125,UPI,Success,2022-06-22
PAY_0000126,TXN_0000126,UPI,Success,2022-08-30
PAY_0000127,TXN_0000127,Wallet,Success,2022-06-16
PAY_0000128,TXN_0000128,Debit Card,Pending,2022-09-13
PAY_0000129,TXN_0000129,Cash,Success,2023-12-01
PAY_0000130,TXN_0000130,Credit Card,Success,2023-12-27
PAY_0000131,TXN_0000131,Credit Card,Success,2023-05-03
PAY_0000132,TXN_0000132,Debit Card,Success,2023-09-25
PAY_0000133,TXN_0000133,Debit Card,Success,2022-07-08
PAY_0000134,TXN_0000134,Credit Card,Success,2024-04-13
PAY_0000135,TXN_0000135,UPI,Success,2023-07-14
PAY_0000136,TXN_0000136,Debit Card,Success,2022-11-20
PAY_0000137,TXN_0000137,Debit Card,Success,2023-12-07
PAY_0000138,TXN_0000138,Cash,Success,2023-04-26
PAY_0000139,TXN_0000139,Cash,Success,2023-12-22
PAY_0000140,TXN_0000140,UPI,Pending,2023-02-16
PAY_0000141,TXN_0000141,Cash,Success,2022-07-09
PAY_0000142,TXN_0000142,Wallet,Success,2022-05-24
PAY_0000143,TXN_0000143,Cash,Success,2022-09-05
PAY_0000144,TXN_0000144,Cash,Success,2024-12-01
PAY_0000145,TXN_0000145,UPI,Success,2023-04-18
PAY_0000146,TXN_0000146,Debit Card,Success,2024-12-31
PAY_0000147,TXN_0000147,UPI,Success,2024-12-20
PAY_0000148,TXN_0000148,Wallet,Success,2024-07-29
PAY_0000149,TXN_0000149,Debit Card,Success,2022-03-07
PAY_0000150,TXN_0000150,Debit Card,Success,2022-12-04
PAY_0000151,TXN_0000151,Wallet,Success,2023-05-25
PAY_0000152,TXN_0000152,Cash,Success,2022-08-21
PAY_0000153,TXN_0000153,UPI,Failed,2022-05-25
PAY_0000154,TXN_0000154,Wallet,Success,2023-01-24
PAY_0000155,TXN_0000155,Credit Card,Success,2023-07-07
PAY_0000156,TXN_0000156,Wallet,Success,2023-09-08
PAY_0000157,TXN_0000157,Cash,Success,2024-03-09
PAY_0000158,TXN_0000158,UPI,Success,2022-03-20
PAY_0000159,TXN_0000159,UPI,Success,2024-11-20
PAY_0000160,TXN_0000160,Cash,Success,2023-04-10
PAY_0000161,TXN_0000161,Credit Card,Success,2023-02-10
PAY_0000162,TXN_0000162,Credit Card,Success,2022-09-30
PAY_0000163,TXN_0000163,Cash,Success,2022-02-19
PAY_0000164,TXN_0000164,Wallet,Success,2023-09-22
PAY_0000165,TXN_0000165,Credit Card,Success,2023-12-05
PAY_0000166,TXN_0000166,Wallet,Success,2024-05-16
PAY_0000167,TXN_0000167,Debit Card,Success,2024-05-04
PAY_0000168,TXN_0000168,Cash,Success,2023-01-27
PAY_0000169,TXN_0000169,Wallet,Success,2022-05-30
PAY_0000170,TXN_0000170,Cash,Success,2023-12-22
PAY_0000171,TXN_0000171,Wallet,Success,2022-06-08
PAY_0000172,TXN_0000172,UPI,Success,2022-08-08
PAY_0000173,TXN_0000173,Cash,Pending,2022-07-09
PAY_0000174,TXN_0000174,Debit Card,Success,2022-01-21
PAY_0000175,TXN_0000175,Credit Card,Success,2022-04-09
PAY_0000176,TXN_0000176,UPI,Success,2022-12-15
PAY_0000177,TXN_0000177,UPI,Success,2022-07-26
PAY_0000178,TXN_0000178,Debit Card,Success,2022-11-05
PAY_0000179,TXN_0000179,Credit Card,Success,2023-09-18
PAY_0000180,TXN_0000180,Debit Card,Success,2023-08-05
PAY_0000181,TXN_0000181,Debit Card,Success,2024-12-03
PAY_0000182,TXN_0000182,Cash,Success,2024-09-07
PAY_0000183,TXN_0000183,Wallet,Success,2024-10-01
PAY_0000184,TXN_0000184,Debit Card,Success,2022-05-11
PAY_0000185,TXN_0000185,Cash,Success,2024-06-23
PAY_0000186,TXN_0000186,UPI,Success,2024-06-29
PAY_0000187,TXN_0000187,Cash,Success,2023-02-07
PAY_0000188,TXN_0000188,Credit Card,Success,2022-04-30
PAY_0000189,TXN_0000189,Credit Card,Success,2022-02-03
PAY_0000190,TXN_0000190,Wallet,Success,2022-04-11
PAY_0000191,TXN_0000191,Wallet,Success,2022-11-04
PAY_0000192,TXN_0000192,Cash,Pending,2024-10-02
PAY_0000193,TXN_0000193,UPI,Success,2023-11-22
PAY_0000194,TXN_0000194,UPI,Success,2022-07-22
PAY_0000195,TXN_0000195,UPI,Success,2022-05-25
PAY_0000196,TXN_0000196,Credit Card,Success,2023-06-03
PAY_0000197,TXN_0000197,Credit Card,Success,2022-07-12
PAY_0000198,TXN_0000198,Cash,Success,2022-03-08
PAY_0000199,TXN_0000199,Credit Card,Success,2023-12-19
PAY_0000200,TXN_0000200,Debit Card,Pending,2022-03-22
PAY_0000201,TXN_0000201,Cash,Success,2022-09-20
PAY_0000202,TXN_0000202,Credit Card,Success,2024-06-13
PAY_0000203,TXN_0000203,UPI,Success,2023-11-06
PAY_0000204,TXN_0000204,UPI,Pending,2023-09-06
PAY_0000205,TXN_0000205,Cash,Success,2024-02-13
PAY_0000206,TXN_0000206,Credit Card,Success,2022-02-18
PAY_0000207,TXN_0000207,Cash,Success,2023-08-20
PAY_0000208,TXN_0000208,UPI,Success,2024-11-27
PAY_0000209,TXN_0000209,Wallet,Success,2023-10-26
PAY_0000210,TXN_0000210,Credit Card,Success,2022-09-26
PAY_0000211,TXN_0000211,Wallet,Success,2023-07-06
PAY_0000212,TXN_0000212,Cash,Success,2022-12-03
PAY_0000213,TXN_0000213,Wallet,Success,2022-10-18
PAY_0000214,TXN_0000214,Debit Card,Success,2023-03-05
PAY_0000215,TXN_0000215,Credit Card,Success,2023-03-11
PAY_0000216,TXN_0000216,UPI,Pending,2023-11-25
PAY_0000217,TXN_0000217,Debit Card,Success,2022-08-22
PAY_0000218,TXN_0000218,Credit Card,Success,2022-02-25
PAY_0000219,TXN_0000219,Cash,Pending,2024-08-12
PAY_0000220,TXN_0000220,UPI,Success,2024-08-19
PAY_0000221,TXN_0000221,Wallet,Pending,2024-08-17
PAY_0000222,TXN_0000222,Cash,Success,2023-01-17
PAY_0000223,TXN_0000223,Wallet,Success,2024-10-05
PAY_0000224,TXN_0000224,Debit Card,Success,2023-04-07
PAY_0000225,TXN_0000225,Credit Card,Success,2024-02-17
PAY_0000226,TXN_0000226,Wallet,Success,2023-10-03
PAY_0000227,TXN_0000227,Credit Card,Success,2024-05-06
PAY_0000228,TXN_0000228,UPI,Success,2024-01-17
PAY_0000229,TXN_0000229,Credit Card,Success,2022-04-08
PAY_0000230,TXN_0000230,Wallet,Success,2022-05-19
PAY_0000231,TXN_0000231,Cash,Success,2023-03-12
PAY_0000232,TXN_0000232,Debit Card,Success,2023-08-20
PAY_0000233,TXN_0000233,Credit Card,Success,2022-08-03
PAY_0000234,TXN_0000234,UPI,Success,2023-10-17
PAY_0000235,TXN_0000235,Cash,Success,2022-11-07
PAY_0000236,TXN_0000236,Debit Card,Success,2024-09-26
PAY_0000237,TXN_0000237,UPI,Success,2024-03-27
PAY_0000238,TXN_0000238,Wallet,Success,2023-01-23
PAY_0000239,TXN_0000239,Debit Card,Success,2024-09-09
PAY_0000240,TXN_0000240,Cash,Success,2024-04-27
PAY_0000241,TXN_0000241,UPI,Failed,2022-01-31
PAY_0000242,TXN_0000242,Debit Card,Success,2023-08-19
PAY_0000243,TXN_0000243,Credit Card,Success,2023-07-13
PAY_0000244,TXN_0000244,Cash,Success,2024-01-17
PAY_0000245,TXN_0000245,Debit Card,Failed,2024-04-27
PAY_0000246,TXN_0000246,UPI,Success,2024-01-23
PAY_0000247,TXN_0000247,UPI,Success,2023-06-22
PAY_0000248,TXN_0000248,Wallet,Success,2024-05-31
PAY_0000249,TXN_0000249,Debit Card,Success,2024-02-22
PAY_0000250,TXN_0000250,UPI,Success,2023-05-18
PAY_0000251,TXN_0000251,UPI,Success,2023-08-27
PAY_0000252,TXN_0000252,Wallet,Success,2023-02-28
PAY_0000253,TXN_0000253,Cash,Success,2022-10-08
PAY_0000254,TXN_0000254,Debit Card,Success,2022-02-12
PAY_0000255,TXN_0000255,Debit Card,Success,2023-05-12
PAY_0000256,TXN_0000256,Wallet,Success,2024-07-16
PAY_0000257,TXN_0000257,Debit Card,Success,2022-12-07
PAY_0000258,TXN_0000258,Cash,Pending,2022-02-18
PAY_0000259,TXN_0000259,Credit Card,Pending,2023-03-14
PAY_0000260,TXN_0000260,Debit Card,Failed,2022-04-04
PAY_0000261,TXN_0000261,Wallet,Success,2024-01-03
PAY_0000262,TXN_0000262,Debit Card,Success,2024-04-04
PAY_0000263,TXN_0000263,Credit Card,Success,2023-07-13
PAY_0000264,TXN_0000264,UPI,Success,2024-06-27
PAY_0000265,TXN_0000265,Cash,Success,2022-12-29
PAY_0000266,TXN_0000266,Cash,Success,2022-09-05
PAY_0000267,TXN_0000267,Cash,Success,2022-06-07
PAY_0000268,TXN_0000268,Credit Card,Success,2023-01-23
PAY_0000269,TXN_0000269,Wallet,Success,2024-10-17
PAY_0000270,TXN_0000270,Wallet,Success,2023-01-11
PAY_0000271,TXN_0000271,Credit Card,Success,2023-02-22
PAY_0000272,TXN_0000272,Cash,Success,2024-04-10
PAY_0000273,TXN_0000273,Credit Card,Success,2022-03-30
PAY_0000274,TXN_0000274,Wallet,Success,2022-12-09
PAY_0000275,TXN_0000275,Credit Card,Success,2024-06-14
PAY_0000276,TXN_0000276,Wallet,Success,2023-08-30
PAY_0000277,TXN_0000277,Wallet,Success,2023-07-09
PAY_0000278,TXN_0000278,Debit Card,Success,2022-09-27
PAY_0000279,TXN_0000279,Wallet,Success,2022-10-01
PAY_0000280,TXN_0000280,Cash,Success,2023-01-04
PAY_0000281,TXN_0000281,Debit Card,Success,2024-07-11
PAY_0000282,TXN_0000282,Credit Card,Success,2023-05-11
PAY_0000283,TXN_0000283,Credit Card,Success,2024-12-21
PAY_0000284,TXN_0000284,Wallet,Failed,2023-07-12
PAY_0000285,TXN_0000285,Wallet,Success,2024-07-09
PAY_0000286,TXN_0000286,Credit Card,Success,2022-02-14
PAY_0000287,TXN_0000287,Wallet,Success,2024-12-29
PAY_0000288,TXN_0000288,Cash,Success,2024-12-26
PAY_0000289,TXN_0000289,UPI,Success,2023-07-02
PAY_0000290,TXN_0000290,Wallet,Success,2024-06-02
PAY_0000291,TXN_0000291,Credit Card,Success,2024-05-26
PAY_0000292,TXN_0000292,Debit Card,Success,2022-08-10
PAY_0000293,TXN_0000293,Debit Card,Success,2024-05-26
PAY_0000294,TXN_0000294,Debit Card,Success,2022-10-21
PAY_0000295,TXN_0000295,Wallet,Success,2024-02-06
PAY_0000296,TXN_0000296,UPI,Success,2024-04-25
PAY_0000297,TXN_0000297,Debit Card,Success,2023-04-28
PAY_0000298,TXN_0000298,UPI,Success,2022-10-03
PAY_0000299,TXN_0000299,Debit Card,Pending,2024-02-04
PAY_0000300,TXN_0000300,UPI,Success,2022-03-01
PAY_0000301,TXN_0000301,Wallet,Success,2022-05-22
PAY_0000302,TXN_0000302,Debit Card,Success,2022-03-30
PAY_0000303,TXN_0000303,Cash,Failed,2022-12-30
PAY_0000304,TXN_0000304,Wallet,Success,2024-07-26
PAY_0000305,TXN_0000305,Credit Card,Success,2022-12-07
PAY_0000306,TXN_0000306,Cash,Success,2022-01-31
PAY_0000307,TXN_0000307,Credit Card,Success,2024-03-28
PAY_0000308,TXN_0000308,UPI,Pending,2024-01-15
PAY_0000309,TXN_0000309,Debit Card,Success,2022-01-03
PAY_0000310,TXN_0000310,Cash,Success,2023-06-02
PAY_0000311,TXN_0000311,Credit Card,Success,2024-08-13
PAY_0000312,TXN_0000312,UPI,Success,2022-11-09
PAY_0000313,TXN_0000313,UPI,Success,2022-07-25
PAY_0000314,TXN_0000314,Wallet,Success,2023-06-16
PAY_0000315,TXN_0000315,Debit Card,Success,2022-10-03
PAY_0000316,TXN_0000316,Cash,Pending,2023-05-20
PAY_0000317,TXN_0000317,Wallet,Success,2022-04-04
PAY_0000318,TXN_0000318,Debit Card,Success,2022-02-07
PAY_0000319,TXN_0000319,Wallet,Success,2022-08-20
PAY_0000320,TXN_0000320,Debit Card,Success,2024-07-01
PAY_0000321,TXN_0000321,UPI,Success,2025-01-02
PAY_0000322,TXN_0000322,UPI,Pending,2022-08-09
PAY_0000323,TXN_0000323,Cash,Success,2022-06-23
PAY_0000324,TXN_0000324,UPI,Success,2024-03-31
PAY_0000325,TXN_0000325,UPI,Success,2023-07-24
PAY_0000326,TXN_0000326,Debit Card,Success,2022-04-26
PAY_0000327,TXN_0000327,Credit Card,Success,2023-08-06
PAY_0000328,TXN_0000328,UPI,Success,2025-01-01
PAY_0000329,TXN_0000329,Credit Card,Success,2024-10-25
PAY_0000330,TXN_0000330,Debit Card,Pending,2023-09-08
PAY_0000331,TXN_0000331,UPI,Success,2024-06-29
PAY_0000332,TXN_0000332,Credit Card,Success,2022-06-09
PAY_0000333,TXN_0000333,Debit Card,Success,2023-06-10
PAY_0000334,TXN_0000334,Wallet,Success,2023-04-17
PAY_0000335,TXN_0000335,Wallet,Success,2023-05-17
PAY_0000336,TXN_0000336,Credit Card,Pending,2022-08-01
PAY_0000337,TXN_0000337,UPI,Success,2022-09-05
PAY_0000338,TXN_0000338,Wallet,Failed,2023-11-11
PAY_0000339,TXN_0000339,Debit Card,Success,2024-09-20
PAY_0000340,TXN_0000340,UPI,Success,2024-01-28
PAY_0000341,TXN_0000341,Credit Card,Success,2024-10-06
PAY_0000342,TXN_0000342,Debit Card,Success,2023-05-11
PAY_0000343,TXN_0000343,UPI,Pending,2022-09-30
PAY_0000344,TXN_0000344,Credit Card,Success,2024-05-24
PAY_0000345,TXN_0000345,UPI,Success,2024-12-15
PAY_0000346,TXN_0000346,Wallet,Success,2024-08-13
PAY_0000347,TXN_0000347,UPI,Success,2023-07-12
PAY_0000348,TXN_0000348,Wallet,Pending,2022-12-13
PAY_0000349,TXN_0000349,Credit Card,Success,2024-11-02
PAY_0000350,TXN_0000350,UPI,Success,2024-07-06
PAY_0000351,TXN_0000351,Debit Card,Success,2022-09-30
PAY_0000352,TXN_0000352,Credit Card,Success,2023-08-14
PAY_0000353,TXN_0000353,Credit Card,Success,2023-04-25
PAY_0000354,TXN_0000354,Cash,Success,2024-12-06
PAY_0000355,TXN_0000355,UPI,Success,2023-04-03
PAY_0000356,TXN_0000356,UPI,Success,2022-07-18
PAY_0000357,TXN_0000357,Debit Card,Success,2022-10-06
PAY_0000358,TXN_0000358,Cash,Success,2022-01-05
PAY_0000359,TXN_0000359,UPI,Success,2024-12-29
PAY_0000360,TXN_0000360,Debit Card,Success,2024-06-11
PAY_0000361,TXN_0000361,Credit Card,Success,2023-09-01
PAY_0000362,TXN_0000362,UPI,Success,2024-06-01
PAY_0000363,TXN_0000363,Debit Card,Success,2022-02-20
PAY_0000364,TXN_0000364,UPI,Pending,2022-10-13
PAY_0000365,TXN_0000365,Wallet,Success,2024-07-24
PAY_0000366,TXN_0000366,Debit Card,Success,2023-05-13
PAY_0000367,TXN_0000367,Cash,Success,2024-08-09
PAY_0000368,TXN_0000368,Credit Card,Success,2022-12-13
PAY_0000369,TXN_0000369,UPI,Success,2024-09-20
PAY_0000370,TXN_0000370,Debit Card,Success,2024-05-28
PAY_0000371,TXN_0000371,UPI,Success,2022-06-11
PAY_0000372,TXN_0000372,Credit Card,Failed,2024-02-13
PAY_0000373,TXN_0000373,UPI,Success,2022-08-10
PAY_0000374,TXN_0000374,Cash,Success,2023-06-02
PAY_0000375,TXN_0000375,Wallet,Success,2022-05-02
PAY_0000376,TXN_0000376,Credit Card,Success,2023-01-06
PAY_0000377,TXN_0000377,Debit Card,Failed,2023-06-25
PAY_0000378,TXN_0000378,Credit Card,Success,2023-05-15
PAY_0000379,TXN_0000379,Wallet,Success,2022-09-19
PAY_0000380,TXN_0000380,Debit Card,Success,2024-09-16
PAY_0000381,TXN_0000381,Debit Card,Success,2022-05-21
PAY_0000382,TXN_0000382,Wallet,Success,2024-11-07
PAY_0000383,TXN_0000383,Credit Card,Success,2024-09-20
PAY_0000384,TXN_0000384,UPI,Success,2023-06-09
PAY_0000385,TXN_0000385,Cash,Success,2023-11-26
PAY_0000386,TXN_0000386,Cash,Success,2022-01-21
PAY_0000387,TXN_0000387,UPI,Success,2023-02-16
PAY_0000388,TXN_0000388,UPI,Success,2022-11-24
PAY_0000389,TXN_0000389,Credit Card,Success,2023-01-26
PAY_0000390,TXN_0000390,Credit Card,Success,2024-12-13
PAY_0000391,TXN_0000391,Cash,Success,2022-04-18
PAY_0000392,TXN_0000392,Credit Card,Pending,2023-07-01
PAY_0000393,TXN_0000393,Cash,Success,2023-02-06
PAY_0000394,TXN_0000394,Credit Card,Success,2022-06-19
PAY_0000395,TXN_0000395,Wallet,Success,2022-01-02
PAY_0000396,TXN_0000396,UPI,Success,2022-03-17
PAY_0000397,TXN_0000397,UPI,Success,2023-08-25
PAY_0000398,TXN_0000398,Credit Card,Success,2023-11-13
PAY_0000399,TXN_0000399,Wallet,Success,2023-10-14
PAY_0000400,TXN_0000400,Debit Card,Success,2022-09-16
PAY_0000401,TXN_0000401,Credit Card,Success,2023-10-07
PAY_0000402,TXN_0000402,Wallet,Pending,2024-02-05
PAY_0000403,TXN_0000403,Cash,Success,2023-08-14
PAY_0000404,TXN_0000404,Debit Card,Success,2023-07-01
PAY_0000405,TXN_0000405,Cash,Success,2024-04-28
PAY_0000406,TXN_0000406,Wallet,Success,2023-08-09
PAY_0000407,TXN_0000407,Cash,Success,2022-06-09
PAY_0000408,TXN_0000408,Credit Card,Pending,2024-01-15
PAY_0000409,TXN_0000409,Wallet,Success,2024-06-19
PAY_0000410,TXN_0000410,UPI,Success,2024-10-08
PAY_0000411,TXN_0000411,Wallet,Success,2024-12-04
PAY_0000412,TXN_0000412,Debit Card,Success,2022-12-17
PAY_0000413,TXN_0000413,Wallet,Success,2022-09-13
PAY_0000414,TXN_0000414,Wallet,Success,2023-12-03
PAY_0000415,TXN_0000415,Cash,Success,2022-04-28
PAY_0000416,TXN_0000416,Debit Card,Success,2022-02-24
PAY_0000417,TXN_0000417,Wallet,Success,2023-04-05
PAY_0000418,TXN_0000418,Credit Card,Success,2022-02-02
PAY_0000419,TXN_0000419,Wallet,Success,2023-05-14
PAY_0000420,TXN_0000420,Debit Card,Success,2023-02-12
PAY_0000421,TXN_0000421,Wallet,Success,2022-06-14
PAY_0000422,TXN_0000422,Credit Card,Success,2022-04-26
PAY_0000423,TXN_0000423,Debit Card,Success,2023-06-16
PAY_0000424,TXN_0000424,UPI,Pending,2022-09-24
PAY_0000425,TXN_0000425,Debit Card,Success,2023-08-07
PAY_0000426,TXN_0000426,Credit Card,Success,2022-09-08
PAY_0000427,TXN_0000427,UPI,Success,2022-04-29
PAY_0000428,TXN_0000428,Wallet,Success,2024-05-01
PAY_0000429,TXN_0000429,Cash,Success,2022-05-27
PAY_0000430,TXN_0000430,Credit Card,Success,2023-06-11
PAY_0000431,TXN_0000431,Debit Card,Success,2024-07-11
PAY_0000432,TXN_0000432,Credit Card,Success,2024-08-13
PAY_0000433,TXN_0000433,Cash,Success,2024-01-20
PAY_0000434,TXN_0000434,Wallet,Success,2025-01-01
PAY_0000435,TXN_0000435,Debit Card,Success,2022-02-19
PAY_0000436,TXN_0000436,Wallet,Success,2023-11-04
PAY_0000437,TXN_0000437,Debit Card,Success,2024-10-15
PAY_0000438,TXN_0000438,Cash,Success,2022-09-17
PAY_0000439,TXN_0000439,Cash,Success,2024-08-01
PAY_0000440,TXN_0000440,Debit Card,Success,2023-11-07
PAY_0000441,TXN_0000441,Debit Card,Success,2022-09-03
PAY_0000442,TXN_0000442,Debit Card,Success,2022-03-27
PAY_0000443,TXN_0000443,Wallet,Success,2022-06-08
PAY_0000444,TXN_0000444,Credit Card,Success,2023-05-31
PAY_0000445,TXN_0000445,Cash,Success,2022-11-19
PAY_0000446,TXN_0000446,Debit Card,Success,2022-10-23
PAY_0000447,TXN_0000447,Cash,Success,2023-09-28
PAY_0000448,TXN_0000448,Credit Card,Success,2024-12-22
PAY_0000449,TXN_0000449,Credit Card,Success,2024-05-10
PAY_0000450,TXN_0000450,Wallet,Success,2024-04-21
PAY_0000451,TXN_0000451,Credit Card,Success,2023-02-17
PAY_0000452,TXN_0000452,UPI,Success,2024-10-23
PAY_0000453,TXN_0000453,Cash,Success,2023-03-14
PAY_0000454,TXN_0000454,UPI,Success,2023-04-10
PAY_0000455,TXN_0000455,Debit Card,Success,2023-01-07
PAY_0000456,TXN_0000456,UPI,Success,2022-05-30
PAY_0000457,TXN_0000457,Credit Card,Success,2022-03-19
PAY_0000458,TXN_0000458,Credit Card,Success,2023-09-03
PAY_0000459,TXN_0000459,Debit Card,Success,2024-06-10
PAY_0000460,TXN_0000460,Cash,Success,2024-05-03
PAY_0000461,TXN_0000461,UPI,Success,2024-02-03
PAY_0000462,TXN_0000462,Cash,Pending,2022-08-28
PAY_0000463,TXN_0000463,Credit Card,Success,2022-03-26
PAY_0000464,TXN_0000464,UPI,Success,2023-07-16
PAY_0000465,TXN_0000465,UPI,Success,2022-01-08
PAY_0000466,TXN_0000466,Credit Card,Success,2023-10-27
PAY_0000467,TXN_0000467,Debit Card,Success,2022-05-17
PAY_0000468,TXN_0000468,Wallet,Success,2023-04-06
PAY_0000469,TXN_0000469,Debit Card,Success,2024-10-26
PAY_0000470,TXN_0000470,UPI,Success,2024-08-31
PAY_0000471,TXN_0000471,UPI,Success,2024-07-23
PAY_0000472,TXN_0000472,UPI,Success,2024-01-20
PAY_0000473,TXN_0000473,Debit Card,Success,2022-11-07
PAY_0000474,TXN_0000474,Cash,Success,2022-06-01
PAY_0000475,TXN_0000475,Cash,Success,2022-02-12
PAY_0000476,TXN_0000476,Cash,Success,2022-11-18
PAY_0000477,TXN_0000477,UPI,Success,2022-09-25
PAY_0000478,TXN_0000478,Cash,Success,2024-09-19
PAY_0000479,TXN_0000479,Cash,Success,2023-04-01
PAY_0000480,TXN_0000480,Cash,Success,2022-05-11
PAY_0000481,TXN_0000481,Debit Card,Success,2024-01-08
PAY_0000482,TXN_0000482,Cash,Success,2022-07-02
PAY_0000483,TXN_0000483,Debit Card,Success,2023-04-28
PAY_0000484,TXN_0000484,Cash,Success,2023-09-13
PAY_0000485,TXN_0000485,Debit Card,Success,2024-01-03
PAY_0000486,TXN_0000486,Credit Card,Success,2024-02-01
PAY_0000487,TXN_0000487,Debit Card,Success,2024-10-25
PAY_0000488,TXN_0000488,UPI,Success,2023-02-16
PAY_0000489,TXN_0000489,Debit Card,Success,2022-05-24
PAY_0000490,TXN_0000490,Wallet,Success,2024-09-26
PAY_0000491,TXN_0000491,Debit Card,Success,2024-04-28
PAY_0000492,TXN_0000492,Credit Card,Success,2023-08-26
PAY_0000493,TXN_0000493,Credit Card,Success,2022-10-16
PAY_0000494,TXN_0000494,Credit Card,Success,2023-08-03
PAY_0000495,TXN_0000495,Wallet,Success,2023-08-16
PAY_0000496,TXN_0000496,UPI,Success,2023-07-29
PAY_0000497,TXN_0000497,Credit Card,Success,2022-10-18
PAY_0000498,TXN_0000498,Cash,Success,2023-11-24
PAY_0000499,TXN_0000499,Cash,Success,2022-03-12
PAY_0000500,TXN_0000500,UPI,Success,2023-02-15
PAY_0000501,TXN_0000501,UPI,Success,2023-11-18
PAY_0000502,TXN_0000502,Credit Card,Success,2023-12-27
PAY_0000503,TXN_0000503,Credit Card,Success,2023-02-16
PAY_0000504,TXN_0000504,Debit Card,Success,2022-12-18
PAY_0000505,TXN_0000505,Cash,Success,2023-02-23
PAY_0000506,TXN_0000506,UPI,Success,2024-05-29
PAY_0000507,TXN_0000507,Cash,Success,2022-04-08
PAY_0000508,TXN_0000508,Credit Card,Success,2022-08-24
PAY_0000509,TXN_0000509,Debit Card,Failed,2024-12-20
PAY_0000510,TXN_0000510,Credit Card,Success,2024-11-03
PAY_0000511,TXN_0000511,Wallet,Success,2022-06-01
PAY_0000512,TXN_0000512,Cash,Success,2022-05-14
PAY_0000513,TXN_0000513,Cash,Success,2024-11-06
PAY_0000514,TXN_0000514,UPI,Success,2023-06-22
PAY_0000515,TXN_0000515,Credit Card,Success,2024-04-24
PAY_0000516,TXN_0000516,Wallet,Success,2023-10-06
PAY_0000517,TXN_0000517,UPI,Success,2024-07-07
PAY_0000518,TXN_0000518,Credit Card,Success,2022-12-21
PAY_0000519,TXN_0000519,UPI,Success,2024-05-10
PAY_0000520,TXN_0000520,Credit Card,Success,2022-04-06
PAY_0000521,TXN_0000521,Wallet,Success,2023-08-26
PAY_0000522,TXN_0000522,Cash,Success,2024-03-22
PAY_0000523,TXN_0000523,Credit Card,Success,2023-10-13
PAY_0000524,TXN_0000524,UPI,Success,2024-04-13
PAY_0000525,TXN_0000525,Wallet,Pending,2024-12-05
PAY_0000526,TXN_0000526,Cash,Success,2024-01-09
PAY_0000527,TXN_0000527,Credit Card,Failed,2024-06-10
PAY_0000528,TXN_0000528,Wallet,Success,2023-01-04
PAY_0000529,TXN_0000529,Debit Card,Success,2024-01-10
PAY_0000530,TXN_0000530,Cash,Success,2023-04-10
PAY_0000531,TXN_0000531,Credit Card,Success,2022-05-06
PAY_0000532,TXN_0000532,Cash,Success,2023-09-08
PAY_0000533,TXN_0000533,Credit Card,Success,2022-02-23
PAY_0000534,TXN_0000534,Debit Card,Success,2024-02-20
PAY_0000535,TXN_0000535,Wallet,Failed,2024-06-07
PAY_0000536,TXN_0000536,Debit Card,Success,2024-03-15
PAY_0000537,TXN_0000537,Wallet,Success,2024-06-08
PAY_0000538,TXN_0000538,Cash,Success,2024-11-21
PAY_0000539,TXN_0000539,Wallet,Success,2024-08-22
PAY_0000540,TXN_0000540,Wallet,Pending,2022-08-18
PAY_0000541,TXN_0000541,Credit Card,Success,2022-07-09
PAY_0000542,TXN_0000542,UPI,Success,2023-11-30
PAY_0000543,TXN_0000543,Cash,Success,2022-09-26
PAY_0000544,TXN_0000544,UPI,Success,2022-09-19
PAY_0000545,TXN_0000545,Wallet,Success,2022-11-27
PAY_0000546,TXN_0000546,Credit Card,Success,2022-10-29
PAY_0000547,TXN_0000547,Cash,Success,2022-07-17
PAY_0000548,TXN_0000548,UPI,Failed,2022-03-10
PAY_0000549,TXN_0000549,Debit Card,Success,2023-10-23
PAY_0000550,TXN_0000550,Cash,Failed,2022-05-02
PAY_0000551,TXN_0000551,UPI,Success,2024-11-27
PAY_0000552,TXN_0000552,Wallet,Success,2023-11-11
PAY_0000553,TXN_0000553,Wallet,Success,2022-11-11
PAY_0000554,TXN_0000554,Cash,Success,2024-09-03
PAY_0000555,TXN_0000555,Credit Card,Success,2022-08-21
PAY_0000556,TXN_0000556,Debit Card,Success,2024-07-13
PAY_0000557,TXN_0000557,Credit Card,Success,2023-02-05
PAY_0000558,TXN_0000558,Wallet,Success,2023-05-14
PAY_0000559,TXN_0000559,Debit Card,Success,2022-04-18
PAY_0000560,TXN_0000560,Credit Card,Success,2022-05-19
PAY_0000561,TXN_0000561,Wallet,Success,2023-08-28
PAY_0000562,TXN_0000562,Debit Card,Success,2024-05-17
PAY_0000563,TXN_0000563,Cash,Pending,2023-09-10
PAY_0000564,TXN_0000564,UPI,Success,2024-05-10
PAY_0000565,TXN_0000565,Wallet,Success,2023-05-22
PAY_0000566,TXN_0000566,Cash,Success,2023-03-09
PAY_0000567,TXN_0000567,Credit Card,Success,2024-03-18
PAY_0000568,TXN_0000568,Debit Card,Pending,2023-12-14
PAY_0000569,TXN_0000569,Credit Card,Success,2022-01-21
PAY_0000570,TXN_0000570,UPI,Success,2024-12-27
PAY_0000571,TXN_0000571,Debit Card,Failed,2024-08-28
PAY_0000572,TXN_0000572,Credit Card,Success,2024-07-01
PAY_0000573,TXN_0000573,Debit Card,Success,2024-03-25
PAY_0000574,TXN_0000574,UPI,Success,2023-10-14
PAY_0000575,TXN_0000575,Cash,Success,2022-06-27
PAY_0000576,TXN_0000576,UPI,Success,2023-10-09
PAY_0000577,TXN_0000577,Credit Card,Success,2022-08-22
PAY_0000578,TXN_0000578,UPI,Success,2022-08-22
PAY_0000579,TXN_0000579,Cash,Success,2024-05-31
PAY_0000580,TXN_0000580,Debit Card,Success,2024-07-05
PAY_0000581,TXN_0000581,Wallet,Success,2024-06-27
PAY_0000582,TXN_0000582,Wallet,Success,2022-06-08
PAY_0000583,TXN_0000583,Wallet,Success,2022-06-15
PAY_0000584,TXN_0000584,UPI,Success,2024-05-25
PAY_0000585,TXN_0000585,Cash,Success,2022-06-06
PAY_0000586,TXN_0000586,UPI,Success,2023-03-22
PAY_0000587,TXN_0000587,Cash,Success,2024-04-12
PAY_0000588,TXN_0000588,Credit Card,Success,2023-06-21
PAY_0000589,TXN_0000589,Debit Card,Pending,2023-10-04
PAY_0000590,TXN_0000590,Wallet,Success,2023-02-18
PAY_0000591,TXN_0000591,Debit Card,Success,2023-08-19
PAY_0000592,TXN_0000592,Debit Card,Success,2024-10-17
PAY_0000593,TXN_0000593,Debit Card,Success,2024-01-28
PAY_0000594,TXN_0000594,Wallet,Failed,2024-06-08
PAY_0000595,TXN_0000595,UPI,Success,2024-08-03
PAY_0000596,TXN_0000596,UPI,Success,2024-01-05
PAY_0000597,TXN_0000597,Cash,Success,2022-02-28
PAY_0000598,TXN_0000598,UPI,Success,2022-09-28
PAY_0000599,TXN_0000599,UPI,Success,2023-03-07
PAY_0000600,TXN_0000600,Cash,Pending,2023-09-18
PAY_0000601,TXN_0000601,Wallet,Success,2022-08-15
PAY_0000602,TXN_0000602,Cash,Success,2024-08-19
PAY_0000603,TXN_0000603,Cash,Success,2024-08-05
PAY_0000604,TXN_0000604,Credit Card,Success,2024-11-25
PAY_0000605,TXN_0000605,Credit Card,Success,2024-12-13
PAY_0000606,TXN_0000606,Wallet,Success,2023-09-17
PAY_0000607,TXN_0000607,Wallet,Success,2022-03-05
PAY_0000608,TXN_0000608,Wallet,Success,2023-09-07
PAY_0000609,TXN_0000609,Cash,Success,2023-05-30
PAY_0000610,TXN_0000610,Cash,Success,2024-12-09
PAY_0000611,TXN_0000611,Cash,Success,2023-01-08
PAY_0000612,TXN_0000612,Cash,Success,2022-03-18
PAY_0000613,TXN_0000613,Cash,Pending,2024-01-12
PAY_0000614,TXN_0000614,Debit Card,Pending,2023-02-22
PAY_0000615,TXN_0000615,UPI,Success,2023-08-04
PAY_0000616,TXN_0000616,Cash,Success,2022-02-03
PAY_0000617,TXN_0000617,Cash,Success,2023-06-10
PAY_0000618,TXN_0000618,Debit Card,Success,2023-04-16
PAY_0000619,TXN_0000619,Wallet,Success,2023-05-01
PAY_0000620,TXN_0000620,Wallet,Success,2023-03-14
PAY_0000621,TXN_0000621,Cash,Success,2024-02-06
PAY_0000622,TXN_0000622,Cash,Success,2024-12-18
PAY_0000623,TXN_0000623,Wallet,Success,2024-11-29
PAY_0000624,TXN_0000624,Cash,Success,2022-06-05
PAY_0000625,TXN_0000625,UPI,Success,2022-12-22
PAY_0000626,TXN_0000626,Credit Card,Success,2022-07-29
PAY_0000627,TXN_0000627,Wallet,Success,2023-04-13
PAY_0000628,TXN_0000628,UPI,Success,2023-11-23
PAY_0000629,TXN_0000629,Debit Card,Pending,2023-05-15
PAY_0000630,TXN_0000630,Cash,Success,2023-02-23
PAY_0000631,TXN_0000631,Wallet,Success,2023-10-10
PAY_0000632,TXN_0000632,Wallet,Success,2024-07-29
PAY_0000633,TXN_0000633,Credit Card,Success,2024-09-29
PAY_0000634,TXN_0000634,UPI,Failed,2022-05-20
PAY_0000635,TXN_0000635,Debit Card,Success,2022-10-20
PAY_0000636,TXN_0000636,Debit Card,Success,2023-11-20
PAY_0000637,TXN_0000637,Credit Card,Success,2022-11-28
PAY_0000638,TXN_0000638,Debit Card,Success,2023-09-27
PAY_0000639,TXN_0000639,Wallet,Success,2024-01-23
PAY_0000640,TXN_0000640,Wallet,Success,2024-03-13
PAY_0000641,TXN_0000641,UPI,Success,2023-08-04
PAY_0000642,TXN_0000642,Credit Card,Success,2022-03-31
PAY_0000643,TXN_0000643,UPI,Success,2024-03-11
PAY_0000644,TXN_0000644,Cash,Success,2022-09-05
PAY_0000645,TXN_0000645,Cash,Success,2022-04-12
PAY_0000646,TXN_0000646,Cash,Success,2023-04-29
PAY_0000647,TXN_0000647,Cash,Success,2024-03-01
PAY_0000648,TXN_0000648,Credit Card,Success,2023-09-20
PAY_0000649,TXN_0000649,Wallet,Success,2022-07-31
PAY_0000650,TXN_0000650,UPI,Success,2024-03-25
PAY_0000651,TXN_0000651,Wallet,Success,2024-06-04
PAY_0000652,TXN_0000652,UPI,Success,2022-02-14
PAY_0000653,TXN_0000653,Credit Card,Success,2022-09-27
PAY_0000654,TXN_0000654,Debit Card,Success,2022-10-27
PAY_0000655,TXN_0000655,Credit Card,Success,2022-11-09
PAY_0000656,TXN_0000656,Debit Card,Success,2022-04-01
PAY_0000657,TXN_0000657,Debit Card,Success,2023-01-24
PAY_0000658,TXN_0000658,Debit Card,Success,2022-02-23
PAY_0000659,TXN_0000659,Wallet,Success,2023-12-11
PAY_0000660,TXN_0000660,Cash,Success,2022-03-22
PAY_0000661,TXN_0000661,Cash,Success,2023-07-17
PAY_0000662,TXN_0000662,Debit Card,Success,2024-12-31
PAY_0000663,TXN_0000663,Credit Card,Pending,2022-11-08
PAY_0000664,TXN_0000664,Debit Card,Success,2023-03-04
PAY_0000665,TXN_0000665,Cash,Success,2023-07-30
PAY_0000666,TXN_0000666,UPI,Success,2023-12-26
PAY_0000667,TXN_0000667,Wallet,Success,2024-02-26
PAY_0000668,TXN_0000668,Wallet,Success,2023-09-12
PAY_0000669,TXN_0000669,Credit Card,Success,2024-09-16
PAY_0000670,TXN_0000670,Credit Card,Success,2022-07-15
PAY_0000671,TXN_0000671,UPI,Success,2024-11-26
PAY_0000672,TXN_0000672,Credit Card,Success,2022-02-19
PAY_0000673,TXN_0000673,Cash,Success,2023-01-12
PAY_0000674,TXN_0000674,Credit Card,Success,2023-08-03
PAY_0000675,TXN_0000675,UPI,Success,2024-01-31
PAY_0000676,TXN_0000676,Credit Card,Success,2024-07-12
PAY_0000677,TXN_0000677,Credit Card,Success,2023-11-24
PAY_0000678,TXN_0000678,Wallet,Success,2022-10-05
PAY_0000679,TXN_0000679,Wallet,Success,2024-01-10
PAY_0000680,TXN_0000680,Wallet,Success,2024-06-30
PAY_0000681,TXN_0000681,Credit Card,Success,2024-05-07
PAY_0000682,TXN_0000682,Credit Card,Success,2023-06-30
PAY_0000683,TXN_0000683,Cash,Success,2023-06-22
PAY_0000684,TXN_0000684,Debit Card,Success,2022-09-14
PAY_0000685,TXN_0000685,Cash,Success,2023-02-07
PAY_0000686,TXN_0000686,UPI,Success,2024-12-09
PAY_0000687,TXN_0000687,Cash,Success,2022-05-24
PAY_0000688,TXN_0000688,Wallet,Success,2023-03-20
PAY_0000689,TXN_0000689,Credit Card,Success,2022-02-15
PAY_0000690,TXN_0000690,Wallet,Success,2023-08-26
PAY_0000691,TXN_0000691,UPI,Pending,2022-03-19
PAY_0000692,TXN_0000692,Cash,Success,2022-09-12
PAY_0000693,TXN_0000693,Wallet,Success,2024-06-07
PAY_0000694,TXN_0000694,Credit Card,Success,2022-11-29
PAY_0000695,TXN_0000695,Cash,Success,2022-12-10
PAY_0000696,TXN_0000696,UPI,Success,2024-10-04
PAY_0000697,TXN_0000697,UPI,Success,2022-12-19
PAY_0000698,TXN_0000698,Cash,Success,2024-11-21
PAY_0000699,TXN_0000699,Cash,Success,2022-11-20
PAY_0000700,TXN_0000700,Credit Card,Success,2023-02-26
PAY_0000701,TXN_0000701,Credit Card,Pending,2024-10-11
PAY_0000702,TXN_0000702,Credit Card,Success,2023-09-29
PAY_0000703,TXN_0000703,UPI,Success,2024-03-09
PAY_0000704,TXN_0000704,Credit Card,Success,2022-02-04
PAY_0000705,TXN_0000705,UPI,Success,2024-11-26
PAY_0000706,TXN_0000706,Credit Card,Pending,2022-01-14
PAY_0000707,TXN_0000707,Credit Card,Success,2024-01-09
PAY_0000708,TXN_0000708,UPI,Success,2022-07-25
PAY_0000709,TXN_0000709,Wallet,Success,2024-10-02
PAY_0000710,TXN_0000710,Debit Card,Success,2022-09-30
PAY_0000711,TXN_0000711,Credit Card,Success,2024-07-23
PAY_0000712,TXN_0000712,Debit Card,Success,2022-01-15
PAY_0000713,TXN_0000713,Credit Card,Success,2022-12-17
PAY_0000714,TXN_0000714,Cash,Success,2023-01-29
PAY_0000715,TXN_0000715,Cash,Success,2024-08-05
PAY_0000716,TXN_0000716,UPI,Success,2023-04-21
PAY_0000717,TXN_0000717,Debit Card,Success,2024-09-25
PAY_0000718,TXN_0000718,Credit Card,Success,2023-03-05
PAY_0000719,TXN_0000719,Credit Card,Success,2023-10-24
PAY_0000720,TXN_0000720,Cash,Success,2023-08-09
PAY_0000721,TXN_0000721,UPI,Success,2023-06-27
PAY_0000722,TXN_0000722,Wallet,Success,2023-12-16
PAY_0000723,TXN_0000723,UPI,Success,2023-01-29
PAY_0000724,TXN_0000724,Wallet,Success,2022-12-08
PAY_0000725,TXN_0000725,Debit Card,Pending,2023-12-26
PAY_0000726,TXN_0000726,Cash,Success,2023-04-17
PAY_0000727,TXN_0000727,Debit Card,Success,2024-11-18
PAY_0000728,TXN_0000728,Debit Card,Success,2024-03-19
PAY_0000729,TXN_0000729,Wallet,Pending,2024-08-28
PAY_0000730,TXN_0000730,Credit Card,Success,2023-09-09
PAY_0000731,TXN_0000731,Cash,Success,2024-06-26
PAY_0000732,TXN_0000732,Cash,Success,2022-06-09
PAY_0000733,TXN_0000733,Credit Card,Success,2022-01-15
PAY_0000734,TXN_0000734,Debit Card,Success,2024-03-05
PAY_0000735,TXN_0000735,Cash,Success,2024-10-26
PAY_0000736,TXN_0000736,UPI,Success,2023-08-07
PAY_0000737,TXN_0000737,Cash,Success,2024-05-24
PAY_0000738,TXN_0000738,Debit Card,Success,2024-10-05
PAY_0000739,TXN_0000739,UPI,Success,2024-07-14
PAY_0000740,TXN_0000740,Credit Card,Success,2024-08-07
PAY_0000741,TXN_0000741,Credit Card,Success,2023-03-16
PAY_0000742,TXN_0000742,Credit Card,Success,2023-04-10
PAY_0000743,TXN_0000743,Wallet,Success,2024-12-01
PAY_0000744,TXN_0000744,Wallet,Success,2022-06-17
PAY_0000745,TXN_0000745,Credit Card,Success,2024-01-22
PAY_0000746,TXN_0000746,UPI,Success,2022-04-11
PAY_0000747,TXN_0000747,Debit Card,Success,2023-06-10
PAY_0000748,TXN_0000748,Wallet,Success,2023-03-08
PAY_0000749,TXN_0000749,Credit Card,Success,2024-09-24
PAY_0000750,TXN_0000750,Wallet,Success,2023-05-22
PAY_0000751,TXN_0000751,Debit Card,Success,2023-03-10
PAY_0000752,TXN_0000752,Credit Card,Success,2023-02-11
PAY_0000753,TXN_0000753,Cash,Success,2024-10-17
PAY_0000754,TXN_0000754,Cash,Pending,2024-10-10
PAY_0000755,TXN_0000755,Debit Card,Success,2023-04-13
PAY_0000756,TXN_0000756,Debit Card,Success,2022-10-22
PAY_0000757,TXN_0000757,Cash,Success,2022-08-21
PAY_0000758,TXN_0000758,Debit Card,Success,2024-03-14
PAY_0000759,TXN_0000759,Credit Card,Success,2023-01-12
PAY_0000760,TXN_0000760,Wallet,Success,2022-04-01
PAY_0000761,TXN_0000761,Credit Card,Success,2024-07-22
PAY_0000762,TXN_0000762,UPI,Success,2023-09-20
PAY_0000763,TXN_0000763,UPI,Success,2024-10-26
PAY_0000764,TXN_0000764,UPI,Success,2023-05-14
PAY_0000765,TXN_0000765,UPI,Success,2024-11-25
PAY_0000766,TXN_0000766,Wallet,Success,2022-08-08
PAY_0000767,TXN_0000767,Wallet,Success,2022-02-12
PAY_0000768,TXN_0000768,Cash,Success,2024-10-15
PAY_0000769,TXN_0000769,Debit Card,Success,2024-02-13
PAY_0000770,TXN_0000770,Debit Card,Success,2023-04-07
PAY_0000771,TXN_0000771,Credit Card,Success,2023-02-11
PAY_0000772,TXN_0000772,Cash,Pending,2023-10-14
PAY_0000773,TXN_0000773,Wallet,Pending,2023-09-21
PAY_0000774,TXN_0000774,Wallet,Failed,2023-08-30
PAY_0000775,TXN_0000775,UPI,Success,2022-02-25
PAY_0000776,TXN_0000776,Cash,Success,2024-06-26
PAY_0000777,TXN_0000777,Credit Card,Success,2024-06-09
PAY_0000778,TXN_0000778,Credit Card,Success,2022-10-25
PAY_0000779,TXN_0000779,Wallet,Success,2023-06-21
PAY_0000780,TXN_0000780,Credit Card,Success,2022-12-14
PAY_0000781,TXN_0000781,Debit Card,Pending,2024-12-05
PAY_0000782,TXN_0000782,Wallet,Success,2024-04-13
PAY_0000783,TXN_0000783,Debit Card,Success,2024-09-20
PAY_0000784,TXN_0000784,Credit Card,Success,2024-01-12
PAY_0000785,TXN_0000785,Credit Card,Success,2024-11-11
PAY_0000786,TXN_0000786,Wallet,Success,2023-07-12
PAY_0000787,TXN_0000787,UPI,Success,2024-02-28
PAY_0000788,TXN_0000788,Credit Card,Success,2023-04-12
PAY_0000789,TXN_0000789,UPI,Success,2022-09-22
PAY_0000790,TXN_0000790,Wallet,Success,2024-10-20
PAY_0000791,TXN_0000791,UPI,Pending,2024-05-18
PAY_0000792,TXN_0000792,Debit Card,Failed,2022-10-10
PAY_0000793,TXN_0000793,Credit Card,Success,2023-04-05
PAY_0000794,TXN_0000794,Cash,Success,2022-06-03
PAY_0000795,TXN_0000795,Cash,Success,2024-01-04
PAY_0000796,TXN_0000796,Credit Card,Success,2022-07-21
PAY_0000797,TXN_0000797,Wallet,Pending,2023-02-08
PAY_0000798,TXN_0000798,Cash,Success,2024-05-20
PAY_0000799,TXN_0000799,Debit Card,Success,2022-10-14
PAY_0000800,TXN_0000800,Cash,Success,2024-11-22
PAY_0000801,TXN_0000801,Credit Card,Success,2023-06-07
PAY_0000802,TXN_0000802,Cash,Success,2024-10-15
PAY_0000803,TXN_0000803,Cash,Success,2022-05-20
PAY_0000804,TXN_0000804,Cash,Success,2022-12-12
PAY_0000805,TXN_0000805,UPI,Success,2023-07-08
PAY_0000806,TXN_0000806,Cash,Success,2022-12-16
PAY_0000807,TXN_0000807,Cash,Pending,2023-04-26
PAY_0000808,TXN_0000808,Credit Card,Pending,2023-10-16
PAY_0000809,TXN_0000809,Debit Card,Success,2023-06-02
PAY_0000810,TXN_0000810,Wallet,Success,2023-08-03
PAY_0000811,TXN_0000811,Wallet,Success,2023-02-11
PAY_0000812,TXN_0000812,Cash,Success,2024-06-30
PAY_0000813,TXN_0000813,Credit Card,Success,2023-04-03
PAY_0000814,TXN_0000814,Wallet,Success,2023-12-25
PAY_0000815,TXN_0000815,Credit Card,Success,2022-07-05
PAY_0000816,TXN_0000816,Credit Card,Success,2024-01-01
PAY_0000817,TXN_0000817,UPI,Success,2022-03-27
PAY_0000818,TXN_0000818,Credit Card,Success,2024-09-15
PAY_0000819,TXN_0000819,Wallet,Success,2024-06-25
PAY_0000820,TXN_0000820,Wallet,Success,2024-06-20
PAY_0000821,TXN_0000821,Cash,Success,2024-08-23
PAY_0000822,TXN_0000822,Debit Card,Success,2022-04-22
PAY_0000823,TXN_0000823,Credit Card,Success,2024-01-06
PAY_0000824,TXN_0000824,Debit Card,Success,2022-11-02
PAY_0000825,TXN_0000825,Debit Card,Success,2024-02-17
PAY_0000826,TXN_0000826,Debit Card,Success,2022-07-06
PAY_0000827,TXN_0000827,Credit Card,Success,2024-11-24
PAY_0000828,TXN_0000828,Credit Card,Success,2023-08-19
PAY_0000829,TXN_0000829,Debit Card,Success,2024-04-05
PAY_0000830,TXN_0000830,Wallet,Success,2023-04-10
PAY_0000831,TXN_0000831,Cash,Success,2023-10-06
PAY_0000832,TXN_0000832,Credit Card,Success,2022-03-25
PAY_0000833,TXN_0000833,Debit Card,Success,2022-08-24
PAY_0000834,TXN_0000834,Wallet,Success,2022-08-03
PAY_0000835,TXN_0000835,UPI,Success,2022-11-09
PAY_0000836,TXN_0000836,Wallet,Success,2023-06-19
PAY_0000837,TXN_0000837,UPI,Success,2023-10-01
PAY_0000838,TXN_0000838,Credit Card,Success,2024-06-06
PAY_0000839,TXN_0000839,Cash,Success,2023-12-15
PAY_0000840,TXN_0000840,Cash,Success,2022-08-12
PAY_0000841,TXN_0000841,Credit Card,Success,2023-05-07
PAY_0000842,TXN_0000842,Wallet,Success,2022-10-10
PAY_0000843,TXN_0000843,UPI,Success,2022-05-09
PAY_0000844,TXN_0000844,Cash,Success,2024-01-29
PAY_0000845,TXN_0000845,Debit Card,Success,2023-06-03
PAY_0000846,TXN_0000846,Wallet,Success,2024-09-09
PAY_0000847,TXN_0000847,Wallet,Success,2022-10-03
PAY_0000848,TXN_0000848,Debit Card,Success,2023-05-05
PAY_0000849,TXN_0000849,Wallet,Success,2024-09-13
PAY_0000850,TXN_0000850,Debit Card,Success,2022-04-03
PAY_0000851,TXN_0000851,UPI,Success,2022-01-10
PAY_0000852,TXN_0000852,Cash,Success,2023-12-07
PAY_0000853,TXN_0000853,Wallet,Pending,2023-03-04
PAY_0000854,TXN_0000854,Wallet,Success,2022-11-23
PAY_0000855,TXN_0000855,UPI,Success,2022-09-21
PAY_0000856,TXN_0000856,Cash,Success,2024-06-16
PAY_0000857,TXN_0000857,Debit Card,Success,2022-09-04
PAY_0000858,TXN_0000858,Credit Card,Success,2024-02-01
PAY_0000859,TXN_0000859,Cash,Pending,2022-05-20
PAY_0000860,TXN_0000860,Debit Card,Success,2022-07-23
PAY_0000861,TXN_0000861,Debit Card,Success,2024-08-12
PAY_0000862,TXN_0000862,Cash,Success,2023-11-08
PAY_0000863,TXN_0000863,UPI,Success,2024-09-11
PAY_0000864,TXN_0000864,Credit Card,Success,2023-10-30
PAY_0000865,TXN_0000865,Wallet,Success,2023-09-22
PAY_0000866,TXN_0000866,UPI,Pending,2023-10-29
PAY_0000867,TXN_0000867,Cash,Success,2024-01-12
PAY_0000868,TXN_0000868,Wallet,Failed,2023-08-20
PAY_0000869,TXN_0000869,Cash,Success,2022-01-09
PAY_0000870,TXN_0000870,Debit Card,Success,2022-03-03
PAY_0000871,TXN_0000871,Cash,Success,2024-04-10
PAY_0000872,TXN_0000872,Credit Card,Success,2022-11-07
PAY_0000873,TXN_0000873,Debit Card,Success,2023-08-03
PAY_0000874,TXN_0000874,Cash,Success,2022-01-22
PAY_0000875,TXN_0000875,Wallet,Success,2023-05-16
PAY_0000876,TXN_0000876,Debit Card,Success,2024-04-07
PAY_0000877,TXN_0000877,UPI,Success,2022-10-27
PAY_0000878,TXN_0000878,Cash,Success,2022-01-29
PAY_0000879,TXN_0000879,Credit Card,Success,2024-11-20
PAY_0000880,TXN_0000880,Wallet,Success,2022-01-07
PAY_0000881,TXN_0000881,Cash,Success,2024-09-02
PAY_0000882,TXN_0000882,Wallet,Success,2023-01-23
PAY_0000883,TXN_0000883,UPI,Success,2022-12-20
PAY_0000884,TXN_0000884,UPI,Success,2024-12-15
PAY_0000885,TXN_0000885,Debit Card,Success,2023-06-19
PAY_0000886,TXN_0000886,Wallet,Success,2023-05-02
PAY_0000887,TXN_0000887,Wallet,Success,2022-07-21
PAY_0000888,TXN_0000888,Credit Card,Success,2022-06-11
PAY_0000889,TXN_0000889,UPI,Success,2023-08-19
PAY_0000890,TXN_0000890,Cash,Success,2024-02-21
PAY_0000891,TXN_0000891,Credit Card,Success,2024-07-05
PAY_0000892,TXN_0000892,UPI,Success,2023-04-22
PAY_0000893,TXN_0000893,Credit Card,Success,2022-09-17
PAY_0000894,TXN_0000894,Credit Card,Success,2022-04-12
PAY_0000895,TXN_0000895,Wallet,Success,2022-03-16
PAY_0000896,TXN_0000896,Cash,Success,2023-04-09
PAY_0000897,TXN_0000897,Credit Card,Success,2023-03-29
PAY_0000898,TXN_0000898,Wallet,Success,2023-12-10
PAY_0000899,TXN_0000899,Cash,Success,2024-03-20
PAY_0000900,TXN_0000900,Debit Card,Success,2024-07-18
PAY_0000901,TXN_0000901,Credit Card,Pending,2024-03-25
PAY_0000902,TXN_0000902,Cash,Success,2023-06-10
PAY_0000903,TXN_0000903,Credit Card,Success,2023-11-05
PAY_0000904,TXN_0000904,Debit Card,Success,2024-12-05
PAY_0000905,TXN_0000905,Wallet,Success,2022-07-30
PAY_0000906,TXN_0000906,Credit Card,Success,2023-06-18
PAY_0000907,TXN_0000907,UPI,Success,2024-02-03
PAY_0000908,TXN_0000908,Debit Card,Pending,2023-07-16
PAY_0000909,TXN_0000909,Credit Card,Success,2022-10-21
PAY_0000910,TXN_0000910,Wallet,Success,2022-09-15
PAY_0000911,TXN_0000911,Credit Card,Failed,2023-09-19
PAY_0000912,TXN_0000912,Credit Card,Success,2022-01-31
PAY_0000913,TXN_0000913,Debit Card,Success,2022-12-21
PAY_0000914,TXN_0000914,UPI,Success,2022-12-17
PAY_0000915,TXN_0000915,Debit Card,Failed,2022-07-24
PAY_0000916,TXN_0000916,Credit Card,Success,2022-11-28
PAY_0000917,TXN_0000917,Wallet,Success,2022-02-04
PAY_0000918,TXN_0000918,UPI,Success,2024-07-06
PAY_0000919,TXN_0000919,UPI,Success,2024-02-24
PAY_0000920,TXN_0000920,UPI,Success,2022-09-22
PAY_0000921,TXN_0000921,UPI,Success,2022-07-12
PAY_0000922,TXN_0000922,Wallet,Success,2023-07-26
PAY_0000923,TXN_0000923,Cash,Success,2024-10-07
PAY_0000924,TXN_0000924,Debit Card,Success,2022-03-03
PAY_0000925,TXN_0000925,Wallet,Success,2023-08-07
PAY_0000926,TXN_0000926,Wallet,Success,2024-09-22
PAY_0000927,TXN_0000927,Debit Card,Success,2023-02-03
PAY_0000928,TXN_0000928,Cash,Failed,2024-04-10
PAY_0000929,TXN_0000929,Credit Card,Pending,2024-08-29
PAY_0000930,TXN_0000930,UPI,Success,2022-03-20
PAY_0000931,TXN_0000931,UPI,Success,2024-07-13
PAY_0000932,TXN_0000932,Wallet,Success,2022-03-16
PAY_0000933,TXN_0000933,Cash,Success,2024-10-28
PAY_0000934,TXN_0000934,Debit Card,Success,2022-06-20
PAY_0000935,TXN_0000935,Cash,Success,2024-10-13
PAY_0000936,TXN_0000936,Credit Card,Success,2022-01-31
PAY_0000937,TXN_0000937,Wallet,Pending,2022-03-18
PAY_0000938,TXN_0000938,UPI,Pending,2024-12-09
PAY_0000939,TXN_0000939,UPI,Success,2022-06-30
PAY_0000940,TXN_0000940,Credit Card,Success,2023-10-13
PAY_0000941,TXN_0000941,UPI,Success,2023-11-22
PAY_0000942,TXN_0000942,Wallet,Success,2023-08-17
PAY_0000943,TXN_0000943,Cash,Success,2022-07-13
PAY_0000944,TXN_0000944,Debit Card,Success,2024-05-03
PAY_0000945,TXN_0000945,UPI,Pending,2023-01-29
PAY_0000946,TXN_0000946,Debit Card,Success,2024-01-09
PAY_0000947,TXN_0000947,Cash,Success,2024-12-28
PAY_0000948,TXN_0000948,UPI,Success,2022-08-26
PAY_0000949,TXN_0000949,Wallet,Success,2022-11-18
PAY_0000950,TXN_0000950,Wallet,Success,2024-12-15
PAY_0000951,TXN_0000951,Debit Card,Success,2024-12-03
PAY_0000952,TXN_0000952,Cash,Success,2024-09-09
PAY_0000953,TXN_0000953,UPI,Success,2022-01-15
PAY_0000954,TXN_0000954,Wallet,Success,2023-04-16
PAY_0000955,TXN_0000955,Wallet,Success,2023-10-17
PAY_0000956,TXN_0000956,Wallet,Success,2024-10-24
PAY_0000957,TXN_0000957,Cash,Pending,2022-06-08
PAY_0000958,TXN_0000958,UPI,Success,2024-10-27
PAY_0000959,TXN_0000959,Debit Card,Success,2024-03-21
PAY_0000960,TXN_0000960,Debit Card,Success,2023-02-25
PAY_0000961,TXN_0000961,Credit Card,Success,2024-08-25
PAY_0000962,TXN_0000962,Cash,Success,2024-07-30
PAY_0000963,TXN_0000963,Debit Card,Success,2024-12-26
PAY_0000964,TXN_0000964,UPI,Pending,2022-08-02
PAY_0000965,TXN_0000965,UPI,Success,2023-10-15
PAY_0000966,TXN_0000966,UPI,Success,2022-06-12
PAY_0000967,TXN_0000967,Cash,Success,2024-03-05
PAY_0000968,TXN_0000968,Debit Card,Success,2024-08-17
PAY_0000969,TXN_0000969,UPI,Success,2022-07-03
PAY_0000970,TXN_0000970,Cash,Success,2023-03-19
PAY_0000971,TXN_0000971,UPI,Success,2022-06-29
PAY_0000972,TXN_0000972,Cash,Success,2022-06-17
PAY_0000973,TXN_0000973,UPI,Success,2024-02-15
PAY_0000974,TXN_0000974,Credit Card,Success,2022-11-05
PAY_0000975,TXN_0000975,Wallet,Pending,2024-08-06
PAY_0000976,TXN_0000976,Debit Card,Success,2022-11-07
PAY_0000977,TXN_0000977,Wallet,Success,2023-02-15
PAY_0000978,TXN_0000978,Cash,Pending,2024-03-25
PAY_0000979,TXN_0000979,Debit Card,Success,2022-11-10
PAY_0000980,TXN_0000980,Credit Card,Success,2023-07-14
PAY_0000981,TXN_0000981,Debit Card,Pending,2024-12-28
PAY_0000982,TXN_0000982,Credit Card,Success,2023-10-02
PAY_0000983,TXN_0000983,Wallet,Success,2023-04-04
PAY_0000984,TXN_0000984,Debit Card,Success,2022-09-10
PAY_0000985,TXN_0000985,UPI,Pending,2022-03-05
PAY_0000986,TXN_0000986,UPI,Success,2024-05-02
PAY_0000987,TXN_0000987,Credit Card,Success,2024-02-12
PAY_0000988,TXN_0000988,Cash,Success,2022-11-20
PAY_0000989,TXN_0000989,Wallet,Success,2024-12-07
PAY_0000990,TXN_0000990,Cash,Pending,2024-01-17
PAY_0000991,TXN_0000991,Cash,Success,2023-05-30
PAY_0000992,TXN_0000992,Debit Card,Success,2023-01-01
PAY_0000993,TXN_0000993,Cash,Success,2022-01-06
PAY_0000994,TXN_0000994,UPI,Success,2022-01-21
PAY_0000995,TXN_0000995,Credit Card,Success,2024-11-11
PAY_0000996,TXN_0000996,Debit Card,Success,2022-05-22
PAY_0000997,TXN_0000997,Debit Card,Success,2022-06-24
PAY_0000998,TXN_0000998,Credit Card,Success,2024-06-11
PAY_0000999,TXN_0000999,UPI,Success,2024-11-06
PAY_0001000,TXN_0001000,Debit Card,Success,2024-02-10
